DAG,Half,Type,Combo,CellLength,PlantRep
1,Root,Grafted,Root_GraftedCells,21.893,1
1,Root,Grafted,Root_GraftedCells,40.255,2
1,Root,Grafted,Root_GraftedCells,18.064,3
1,Root,Grafted,Root_GraftedCells,44.083,4
1,Root,Grafted,Root_GraftedCells,29.621,5
1,Root,Grafted,Root_GraftedCells,24.106,1
1,Root,Grafted,Root_GraftedCells,22.225,2
1,Root,Grafted,Root_GraftedCells,29.734,3
1,Root,Grafted,Root_GraftedCells,27.951,4
1,Root,Grafted,Root_GraftedCells,18.499,5
1,Root,Grafted,Root_GraftedCells,25.654,1
1,Root,Grafted,Root_GraftedCells,45.839,2
1,Root,Grafted,Root_GraftedCells,41.218,3
1,Root,Grafted,Root_GraftedCells,25.041,4
1,Root,Grafted,Root_GraftedCells,21.149,5
1,Root,Grafted,Root_GraftedCells,25.99,1
1,Root,Grafted,Root_GraftedCells,22.179,2
1,Root,Grafted,Root_GraftedCells,32.068,3
1,Root,Grafted,Root_GraftedCells,31.933,4
1,Root,Grafted,Root_GraftedCells,21.025,5
1,Root,Grafted,Root_GraftedCells,14.069,1
1,Root,Grafted,Root_GraftedCells,39.57,2
1,Root,Grafted,Root_GraftedCells,24.917,3
1,Root,Grafted,Root_GraftedCells,32.022,4
1,Root,Grafted,Root_GraftedCells,19.384,5
1,Root,Grafted,Root_GraftedCells,20.631,1
1,Root,Grafted,Root_GraftedCells,22.826,2
1,Root,Grafted,Root_GraftedCells,33.902,3
1,Root,Grafted,Root_GraftedCells,37.956,4
1,Root,Grafted,Root_GraftedCells,28.545,5
1,Root,Grafted,Root_GraftedCells,34.019,1
1,Root,Grafted,Root_GraftedCells,15.132,2
1,Root,Grafted,Root_GraftedCells,24.997,3
1,Root,Grafted,Root_GraftedCells,23.972,4
1,Root,Grafted,Root_GraftedCells,29.032,5
1,Root,Grafted,Root_GraftedCells,25.721,1
1,Root,Grafted,Root_GraftedCells,28.283,2
1,Root,Grafted,Root_GraftedCells,32.905,3
1,Root,Grafted,Root_GraftedCells,37.587,4
1,Root,Grafted,Root_GraftedCells,20.583,5
1,Root,Grafted,Root_GraftedCells,23.353,1
1,Root,Grafted,Root_GraftedCells,16.225,2
1,Root,Grafted,Root_GraftedCells,27.113,3
1,Root,Grafted,Root_GraftedCells,40.9,4
1,Root,Grafted,Root_GraftedCells,25.571,5
1,Root,Grafted,Root_GraftedCells,34.616,1
1,Root,Grafted,Root_GraftedCells,22.728,2
1,Root,Grafted,Root_GraftedCells,16.752,3
1,Root,Grafted,Root_GraftedCells,27.894,4
1,Root,Grafted,Root_GraftedCells,31.909,5
1,Root,Nongrafted,Root_NonGraftedCells,36.272,1
1,Root,Nongrafted,Root_NonGraftedCells,25.021,1
1,Root,Nongrafted,Root_NonGraftedCells,33.891,1
1,Root,Nongrafted,Root_NonGraftedCells,27.122,1
1,Root,Nongrafted,Root_NonGraftedCells,27.154,1
1,Root,Nongrafted,Root_NonGraftedCells,30.448,1
1,Root,Nongrafted,Root_NonGraftedCells,38.142,1
1,Root,Nongrafted,Root_NonGraftedCells,34.702,1
1,Root,Nongrafted,Root_NonGraftedCells,33.482,1
1,Root,Nongrafted,Root_NonGraftedCells,53.721,1
1,Root,Nongrafted,Root_NonGraftedCells,20.936,2
1,Root,Nongrafted,Root_NonGraftedCells,56.067,2
1,Root,Nongrafted,Root_NonGraftedCells,36.115,2
1,Root,Nongrafted,Root_NonGraftedCells,30.74,2
1,Root,Nongrafted,Root_NonGraftedCells,33.026,2
1,Root,Nongrafted,Root_NonGraftedCells,41.302,2
1,Root,Nongrafted,Root_NonGraftedCells,33.291,2
1,Root,Nongrafted,Root_NonGraftedCells,26.19,2
1,Root,Nongrafted,Root_NonGraftedCells,42.127,2
1,Root,Nongrafted,Root_NonGraftedCells,34.93,2
1,Root,Nongrafted,Root_NonGraftedCells,48.674,3
1,Root,Nongrafted,Root_NonGraftedCells,46.163,3
1,Root,Nongrafted,Root_NonGraftedCells,35.676,3
1,Root,Nongrafted,Root_NonGraftedCells,22.728,3
1,Root,Nongrafted,Root_NonGraftedCells,16.588,3
1,Root,Nongrafted,Root_NonGraftedCells,21.859,3
1,Root,Nongrafted,Root_NonGraftedCells,28.753,3
1,Root,Nongrafted,Root_NonGraftedCells,41.182,3
1,Root,Nongrafted,Root_NonGraftedCells,39.908,3
1,Root,Nongrafted,Root_NonGraftedCells,45.48,3
1,Root,Nongrafted,Root_NonGraftedCells,57.79,4
1,Root,Nongrafted,Root_NonGraftedCells,32.392,4
1,Root,Nongrafted,Root_NonGraftedCells,37.429,4
1,Root,Nongrafted,Root_NonGraftedCells,23.628,4
1,Root,Nongrafted,Root_NonGraftedCells,30.403,4
1,Root,Nongrafted,Root_NonGraftedCells,27.012,4
1,Root,Nongrafted,Root_NonGraftedCells,31.459,4
1,Root,Nongrafted,Root_NonGraftedCells,34.4,4
1,Root,Nongrafted,Root_NonGraftedCells,44.628,4
1,Root,Nongrafted,Root_NonGraftedCells,33,4
1,Root,Nongrafted,Root_NonGraftedCells,43.718,5
1,Root,Nongrafted,Root_NonGraftedCells,48.541,5
1,Root,Nongrafted,Root_NonGraftedCells,35.815,5
1,Root,Nongrafted,Root_NonGraftedCells,30.107,5
1,Root,Nongrafted,Root_NonGraftedCells,28.124,5
1,Root,Nongrafted,Root_NonGraftedCells,27.222,5
1,Root,Nongrafted,Root_NonGraftedCells,24.106,5
1,Root,Nongrafted,Root_NonGraftedCells,23.187,5
1,Root,Nongrafted,Root_NonGraftedCells,36.105,5
1,Root,Nongrafted,Root_NonGraftedCells,34.486,5
1,Scion,Grafted,Scion_GraftedCells,26.915,1
1,Scion,Grafted,Scion_GraftedCells,21.498,1
1,Scion,Grafted,Scion_GraftedCells,24.922,1
1,Scion,Grafted,Scion_GraftedCells,23.691,1
1,Scion,Grafted,Scion_GraftedCells,19.664,1
1,Scion,Grafted,Scion_GraftedCells,30.107,1
1,Scion,Grafted,Scion_GraftedCells,20.865,1
1,Scion,Grafted,Scion_GraftedCells,29.516,1
1,Scion,Grafted,Scion_GraftedCells,37.67,1
1,Scion,Grafted,Scion_GraftedCells,35.414,1
1,Scion,Grafted,Scion_GraftedCells,31.189,2
1,Scion,Grafted,Scion_GraftedCells,27.318,2
1,Scion,Grafted,Scion_GraftedCells,24.962,2
1,Scion,Grafted,Scion_GraftedCells,33.885,2
1,Scion,Grafted,Scion_GraftedCells,17.031,2
1,Scion,Grafted,Scion_GraftedCells,33.894,2
1,Scion,Grafted,Scion_GraftedCells,24.962,2
1,Scion,Grafted,Scion_GraftedCells,29.469,2
1,Scion,Grafted,Scion_GraftedCells,40.196,2
1,Scion,Grafted,Scion_GraftedCells,29.654,2
1,Scion,Grafted,Scion_GraftedCells,28.366,3
1,Scion,Grafted,Scion_GraftedCells,22.864,3
1,Scion,Grafted,Scion_GraftedCells,27.522,3
1,Scion,Grafted,Scion_GraftedCells,25.846,3
1,Scion,Grafted,Scion_GraftedCells,34.705,3
1,Scion,Grafted,Scion_GraftedCells,25.808,3
1,Scion,Grafted,Scion_GraftedCells,20.341,3
1,Scion,Grafted,Scion_GraftedCells,28.331,3
1,Scion,Grafted,Scion_GraftedCells,23.037,3
1,Scion,Grafted,Scion_GraftedCells,23.774,3
1,Scion,Grafted,Scion_GraftedCells,24.601,4
1,Scion,Grafted,Scion_GraftedCells,26.454,4
1,Scion,Grafted,Scion_GraftedCells,14.867,4
1,Scion,Grafted,Scion_GraftedCells,26.864,4
1,Scion,Grafted,Scion_GraftedCells,25.263,4
1,Scion,Grafted,Scion_GraftedCells,31.909,4
1,Scion,Grafted,Scion_GraftedCells,37.903,4
1,Scion,Grafted,Scion_GraftedCells,34.019,4
1,Scion,Grafted,Scion_GraftedCells,25.629,4
1,Scion,Grafted,Scion_GraftedCells,34.447,4
1,Scion,Grafted,Scion_GraftedCells,28.41,5
1,Scion,Grafted,Scion_GraftedCells,24.173,5
1,Scion,Grafted,Scion_GraftedCells,22.924,5
1,Scion,Grafted,Scion_GraftedCells,21.307,5
1,Scion,Grafted,Scion_GraftedCells,31.964,5
1,Scion,Grafted,Scion_GraftedCells,32.773,5
1,Scion,Grafted,Scion_GraftedCells,31.28,5
1,Scion,Grafted,Scion_GraftedCells,36.392,5
1,Scion,Grafted,Scion_GraftedCells,35.015,5
1,Scion,Grafted,Scion_GraftedCells,30.403,5
1,Scion,Nongrafted,Scion_NonGraftedCells,34.654,1
1,Scion,Nongrafted,Scion_NonGraftedCells,55.501,1
1,Scion,Nongrafted,Scion_NonGraftedCells,33.388,1
1,Scion,Nongrafted,Scion_NonGraftedCells,54.736,1
1,Scion,Nongrafted,Scion_NonGraftedCells,20.801,1
1,Scion,Nongrafted,Scion_NonGraftedCells,16.057,1
1,Scion,Nongrafted,Scion_NonGraftedCells,24.186,1
1,Scion,Nongrafted,Scion_NonGraftedCells,21.428,1
1,Scion,Nongrafted,Scion_NonGraftedCells,22.728,1
1,Scion,Nongrafted,Scion_NonGraftedCells,27.978,1
1,Scion,Nongrafted,Scion_NonGraftedCells,16.651,2
1,Scion,Nongrafted,Scion_NonGraftedCells,31.762,2
1,Scion,Nongrafted,Scion_NonGraftedCells,49.755,2
1,Scion,Nongrafted,Scion_NonGraftedCells,21.273,2
1,Scion,Nongrafted,Scion_NonGraftedCells,23.256,2
1,Scion,Nongrafted,Scion_NonGraftedCells,42.452,2
1,Scion,Nongrafted,Scion_NonGraftedCells,37.357,2
1,Scion,Nongrafted,Scion_NonGraftedCells,31.279,2
1,Scion,Nongrafted,Scion_NonGraftedCells,18.245,2
1,Scion,Nongrafted,Scion_NonGraftedCells,26.05,2
1,Scion,Nongrafted,Scion_NonGraftedCells,32.727,3
1,Scion,Nongrafted,Scion_NonGraftedCells,21.725,3
1,Scion,Nongrafted,Scion_NonGraftedCells,63.132,3
1,Scion,Nongrafted,Scion_NonGraftedCells,40.417,3
1,Scion,Nongrafted,Scion_NonGraftedCells,21.937,3
1,Scion,Nongrafted,Scion_NonGraftedCells,34.812,3
1,Scion,Nongrafted,Scion_NonGraftedCells,21.106,3
1,Scion,Nongrafted,Scion_NonGraftedCells,13.874,3
1,Scion,Nongrafted,Scion_NonGraftedCells,31.483,3
1,Scion,Nongrafted,Scion_NonGraftedCells,24.086,3
1,Scion,Nongrafted,Scion_NonGraftedCells,29.236,4
1,Scion,Nongrafted,Scion_NonGraftedCells,31.921,4
1,Scion,Nongrafted,Scion_NonGraftedCells,36.858,4
1,Scion,Nongrafted,Scion_NonGraftedCells,43.763,4
1,Scion,Nongrafted,Scion_NonGraftedCells,22.017,4
1,Scion,Nongrafted,Scion_NonGraftedCells,40.362,4
1,Scion,Nongrafted,Scion_NonGraftedCells,37.446,4
1,Scion,Nongrafted,Scion_NonGraftedCells,31.567,4
1,Scion,Nongrafted,Scion_NonGraftedCells,35.757,4
1,Scion,Nongrafted,Scion_NonGraftedCells,36.858,4
1,Scion,Nongrafted,Scion_NonGraftedCells,46.36,5
1,Scion,Nongrafted,Scion_NonGraftedCells,44.255,5
1,Scion,Nongrafted,Scion_NonGraftedCells,30.018,5
1,Scion,Nongrafted,Scion_NonGraftedCells,16.167,5
1,Scion,Nongrafted,Scion_NonGraftedCells,35.615,5
1,Scion,Nongrafted,Scion_NonGraftedCells,38.158,5
1,Scion,Nongrafted,Scion_NonGraftedCells,42.654,5
1,Scion,Nongrafted,Scion_NonGraftedCells,28.848,5
1,Scion,Nongrafted,Scion_NonGraftedCells,25.012,5
1,Scion,Nongrafted,Scion_NonGraftedCells,27.113,5
3,Root,Grafted,Root_GraftedCells,20.728,1
3,Root,Grafted,Root_GraftedCells,14.95,2
3,Root,Grafted,Root_GraftedCells,20.089,3
3,Root,Grafted,Root_GraftedCells,23.507,4
3,Root,Grafted,Root_GraftedCells,25.513,5
3,Root,Grafted,Root_GraftedCells,22.733,1
3,Root,Grafted,Root_GraftedCells,22.972,2
3,Root,Grafted,Root_GraftedCells,31.474,3
3,Root,Grafted,Root_GraftedCells,17.968,4
3,Root,Grafted,Root_GraftedCells,14.867,5
3,Root,Grafted,Root_GraftedCells,12.966,1
3,Root,Grafted,Root_GraftedCells,24.464,2
3,Root,Grafted,Root_GraftedCells,30.403,3
3,Root,Grafted,Root_GraftedCells,29.583,4
3,Root,Grafted,Root_GraftedCells,18.911,5
3,Root,Grafted,Root_GraftedCells,11.666,1
3,Root,Grafted,Root_GraftedCells,15.521,2
3,Root,Grafted,Root_GraftedCells,32.954,3
3,Root,Grafted,Root_GraftedCells,32.905,4
3,Root,Grafted,Root_GraftedCells,26.482,5
3,Root,Grafted,Root_GraftedCells,30.435,1
3,Root,Grafted,Root_GraftedCells,18.439,2
3,Root,Grafted,Root_GraftedCells,21.434,3
3,Root,Grafted,Root_GraftedCells,24.086,4
3,Root,Grafted,Root_GraftedCells,20.014,5
3,Root,Grafted,Root_GraftedCells,20.865,1
3,Root,Grafted,Root_GraftedCells,34.705,2
3,Root,Grafted,Root_GraftedCells,25.263,3
3,Root,Grafted,Root_GraftedCells,24.937,4
3,Root,Grafted,Root_GraftedCells,47.408,5
3,Root,Grafted,Root_GraftedCells,23.118,1
3,Root,Grafted,Root_GraftedCells,34.443,2
3,Root,Grafted,Root_GraftedCells,31.87,3
3,Root,Grafted,Root_GraftedCells,20.547,4
3,Root,Grafted,Root_GraftedCells,17.722,5
3,Root,Grafted,Root_GraftedCells,52.543,1
3,Root,Grafted,Root_GraftedCells,33.314,2
3,Root,Grafted,Root_GraftedCells,32.407,3
3,Root,Grafted,Root_GraftedCells,28.137,4
3,Root,Grafted,Root_GraftedCells,20.432,5
3,Root,Grafted,Root_GraftedCells,9.094,1
3,Root,Grafted,Root_GraftedCells,29.419,2
3,Root,Grafted,Root_GraftedCells,19.958,3
3,Root,Grafted,Root_GraftedCells,29.805,4
3,Root,Grafted,Root_GraftedCells,16.715,5
3,Root,Grafted,Root_GraftedCells,15.156,1
3,Root,Grafted,Root_GraftedCells,25.654,2
3,Root,Grafted,Root_GraftedCells,24.464,3
3,Root,Grafted,Root_GraftedCells,36.461,4
3,Root,Grafted,Root_GraftedCells,27.135,5
3,Root,Nongrafted,Root_NonGraftedCells,18.733,1
3,Root,Nongrafted,Root_NonGraftedCells,26.878,1
3,Root,Nongrafted,Root_NonGraftedCells,26.641,1
3,Root,Nongrafted,Root_NonGraftedCells,25.317,1
3,Root,Nongrafted,Root_NonGraftedCells,15.955,1
3,Root,Nongrafted,Root_NonGraftedCells,43.995,1
3,Root,Nongrafted,Root_NonGraftedCells,37.511,1
3,Root,Nongrafted,Root_NonGraftedCells,29.917,1
3,Root,Nongrafted,Root_NonGraftedCells,20.746,1
3,Root,Nongrafted,Root_NonGraftedCells,18.785,1
3,Root,Nongrafted,Root_NonGraftedCells,24.977,2
3,Root,Nongrafted,Root_NonGraftedCells,24.747,2
3,Root,Nongrafted,Root_NonGraftedCells,27.639,2
3,Root,Nongrafted,Root_NonGraftedCells,48.5,2
3,Root,Nongrafted,Root_NonGraftedCells,32.905,2
3,Root,Nongrafted,Root_NonGraftedCells,43.587,2
3,Root,Nongrafted,Root_NonGraftedCells,19.442,2
3,Root,Nongrafted,Root_NonGraftedCells,46.356,2
3,Root,Nongrafted,Root_NonGraftedCells,38.034,2
3,Root,Nongrafted,Root_NonGraftedCells,34.99,2
3,Root,Nongrafted,Root_NonGraftedCells,18.679,3
3,Root,Nongrafted,Root_NonGraftedCells,35.086,3
3,Root,Nongrafted,Root_NonGraftedCells,50.884,3
3,Root,Nongrafted,Root_NonGraftedCells,30.464,3
3,Root,Nongrafted,Root_NonGraftedCells,50.853,3
3,Root,Nongrafted,Root_NonGraftedCells,57.328,3
3,Root,Nongrafted,Root_NonGraftedCells,37.299,3
3,Root,Nongrafted,Root_NonGraftedCells,27.929,3
3,Root,Nongrafted,Root_NonGraftedCells,32.407,3
3,Root,Nongrafted,Root_NonGraftedCells,28.904,3
3,Root,Nongrafted,Root_NonGraftedCells,19.41,4
3,Root,Nongrafted,Root_NonGraftedCells,27.368,4
3,Root,Nongrafted,Root_NonGraftedCells,23.042,4
3,Root,Nongrafted,Root_NonGraftedCells,26.218,4
3,Root,Nongrafted,Root_NonGraftedCells,24.937,4
3,Root,Nongrafted,Root_NonGraftedCells,20.292,4
3,Root,Nongrafted,Root_NonGraftedCells,29.642,4
3,Root,Nongrafted,Root_NonGraftedCells,28.475,4
3,Root,Nongrafted,Root_NonGraftedCells,23.941,4
3,Root,Nongrafted,Root_NonGraftedCells,33.034,4
3,Root,Nongrafted,Root_NonGraftedCells,25.41,5
3,Root,Nongrafted,Root_NonGraftedCells,55.6,5
3,Root,Nongrafted,Root_NonGraftedCells,18.188,5
3,Root,Nongrafted,Root_NonGraftedCells,14.46,5
3,Root,Nongrafted,Root_NonGraftedCells,29.44,5
3,Root,Nongrafted,Root_NonGraftedCells,27.858,5
3,Root,Nongrafted,Root_NonGraftedCells,21.636,5
3,Root,Nongrafted,Root_NonGraftedCells,21.516,5
3,Root,Nongrafted,Root_NonGraftedCells,27.773,5
3,Root,Nongrafted,Root_NonGraftedCells,35.171,5
3,Scion,Grafted,Scion_GraftedCells,27.858,1
3,Scion,Grafted,Scion_GraftedCells,39.093,1
3,Scion,Grafted,Scion_GraftedCells,24.106,1
3,Scion,Grafted,Scion_GraftedCells,54.849,1
3,Scion,Grafted,Scion_GraftedCells,39.932,1
3,Scion,Grafted,Scion_GraftedCells,37.518,1
3,Scion,Grafted,Scion_GraftedCells,47.35,1
3,Scion,Grafted,Scion_GraftedCells,35.884,1
3,Scion,Grafted,Scion_GraftedCells,44.094,1
3,Scion,Grafted,Scion_GraftedCells,33.891,1
3,Scion,Grafted,Scion_GraftedCells,27.281,2
3,Scion,Grafted,Scion_GraftedCells,33.448,2
3,Scion,Grafted,Scion_GraftedCells,33.195,2
3,Scion,Grafted,Scion_GraftedCells,29.419,2
3,Scion,Grafted,Scion_GraftedCells,40.196,2
3,Scion,Grafted,Scion_GraftedCells,36.816,2
3,Scion,Grafted,Scion_GraftedCells,45.455,2
3,Scion,Grafted,Scion_GraftedCells,46.966,2
3,Scion,Grafted,Scion_GraftedCells,39.144,2
3,Scion,Grafted,Scion_GraftedCells,27.858,2
3,Scion,Grafted,Scion_GraftedCells,25.371,3
3,Scion,Grafted,Scion_GraftedCells,49.654,3
3,Scion,Grafted,Scion_GraftedCells,26.492,3
3,Scion,Grafted,Scion_GraftedCells,38.437,3
3,Scion,Grafted,Scion_GraftedCells,22.314,3
3,Scion,Grafted,Scion_GraftedCells,49.764,3
3,Scion,Grafted,Scion_GraftedCells,53.157,3
3,Scion,Grafted,Scion_GraftedCells,45.48,3
3,Scion,Grafted,Scion_GraftedCells,49.799,3
3,Scion,Grafted,Scion_GraftedCells,40.785,3
3,Scion,Grafted,Scion_GraftedCells,13.081,4
3,Scion,Grafted,Scion_GraftedCells,19.946,4
3,Scion,Grafted,Scion_GraftedCells,43.401,4
3,Scion,Grafted,Scion_GraftedCells,40.864,4
3,Scion,Grafted,Scion_GraftedCells,81.632,4
3,Scion,Grafted,Scion_GraftedCells,60.431,4
3,Scion,Grafted,Scion_GraftedCells,50.117,4
3,Scion,Grafted,Scion_GraftedCells,37.375,4
3,Scion,Grafted,Scion_GraftedCells,46.074,4
3,Scion,Grafted,Scion_GraftedCells,36.42,4
3,Scion,Grafted,Scion_GraftedCells,31.093,5
3,Scion,Grafted,Scion_GraftedCells,25.875,5
3,Scion,Grafted,Scion_GraftedCells,51.483,5
3,Scion,Grafted,Scion_GraftedCells,49.043,5
3,Scion,Grafted,Scion_GraftedCells,24.439,5
3,Scion,Grafted,Scion_GraftedCells,30.317,5
3,Scion,Grafted,Scion_GraftedCells,42.814,5
3,Scion,Grafted,Scion_GraftedCells,41.109,5
3,Scion,Grafted,Scion_GraftedCells,36.31,5
3,Scion,Grafted,Scion_GraftedCells,41.566,5
3,Scion,Nongrafted,Scion_NonGraftedCells,34.476,1
3,Scion,Nongrafted,Scion_NonGraftedCells,18.453,1
3,Scion,Nongrafted,Scion_NonGraftedCells,34.682,1
3,Scion,Nongrafted,Scion_NonGraftedCells,27.444,1
3,Scion,Nongrafted,Scion_NonGraftedCells,27.025,1
3,Scion,Nongrafted,Scion_NonGraftedCells,20.157,1
3,Scion,Nongrafted,Scion_NonGraftedCells,26.875,1
3,Scion,Nongrafted,Scion_NonGraftedCells,37.59,1
3,Scion,Nongrafted,Scion_NonGraftedCells,21.929,1
3,Scion,Nongrafted,Scion_NonGraftedCells,20.92,1
3,Scion,Nongrafted,Scion_NonGraftedCells,26.204,2
3,Scion,Nongrafted,Scion_NonGraftedCells,21.472,2
3,Scion,Nongrafted,Scion_NonGraftedCells,28.972,2
3,Scion,Nongrafted,Scion_NonGraftedCells,36.985,2
3,Scion,Nongrafted,Scion_NonGraftedCells,21.658,2
3,Scion,Nongrafted,Scion_NonGraftedCells,25.469,2
3,Scion,Nongrafted,Scion_NonGraftedCells,18.911,2
3,Scion,Nongrafted,Scion_NonGraftedCells,20.203,2
3,Scion,Nongrafted,Scion_NonGraftedCells,25.659,2
3,Scion,Nongrafted,Scion_NonGraftedCells,17.882,2
3,Scion,Nongrafted,Scion_NonGraftedCells,23.867,3
3,Scion,Nongrafted,Scion_NonGraftedCells,23.92,3
3,Scion,Nongrafted,Scion_NonGraftedCells,15.246,3
3,Scion,Nongrafted,Scion_NonGraftedCells,12.694,3
3,Scion,Nongrafted,Scion_NonGraftedCells,29.576,3
3,Scion,Nongrafted,Scion_NonGraftedCells,25.137,3
3,Scion,Nongrafted,Scion_NonGraftedCells,22.759,3
3,Scion,Nongrafted,Scion_NonGraftedCells,27.974,3
3,Scion,Nongrafted,Scion_NonGraftedCells,38.31,3
3,Scion,Nongrafted,Scion_NonGraftedCells,15.035,3
3,Scion,Nongrafted,Scion_NonGraftedCells,19.004,4
3,Scion,Nongrafted,Scion_NonGraftedCells,19.677,4
3,Scion,Nongrafted,Scion_NonGraftedCells,20.622,4
3,Scion,Nongrafted,Scion_NonGraftedCells,15.082,4
3,Scion,Nongrafted,Scion_NonGraftedCells,19.372,4
3,Scion,Nongrafted,Scion_NonGraftedCells,26.929,4
3,Scion,Nongrafted,Scion_NonGraftedCells,27.647,4
3,Scion,Nongrafted,Scion_NonGraftedCells,18.899,4
3,Scion,Nongrafted,Scion_NonGraftedCells,13.722,4
3,Scion,Nongrafted,Scion_NonGraftedCells,18.794,4
3,Scion,Nongrafted,Scion_NonGraftedCells,18.285,5
3,Scion,Nongrafted,Scion_NonGraftedCells,21.997,5
3,Scion,Nongrafted,Scion_NonGraftedCells,14.27,5
3,Scion,Nongrafted,Scion_NonGraftedCells,22.506,5
3,Scion,Nongrafted,Scion_NonGraftedCells,18.381,5
3,Scion,Nongrafted,Scion_NonGraftedCells,26.197,5
3,Scion,Nongrafted,Scion_NonGraftedCells,28.982,5
3,Scion,Nongrafted,Scion_NonGraftedCells,24.364,5
3,Scion,Nongrafted,Scion_NonGraftedCells,24.652,5
3,Scion,Nongrafted,Scion_NonGraftedCells,21.717,5
5,Root,Grafted,Root_GraftedCells,46.136,1
5,Root,Grafted,Root_GraftedCells,44.36,2
5,Root,Grafted,Root_GraftedCells,34.731,3
5,Root,Grafted,Root_GraftedCells,36.994,4
5,Root,Grafted,Root_GraftedCells,43.525,5
5,Root,Grafted,Root_GraftedCells,32.99,1
5,Root,Grafted,Root_GraftedCells,28.716,2
5,Root,Grafted,Root_GraftedCells,28.041,3
5,Root,Grafted,Root_GraftedCells,25.021,4
5,Root,Grafted,Root_GraftedCells,30.856,5
5,Root,Grafted,Root_GraftedCells,37.747,1
5,Root,Grafted,Root_GraftedCells,46.217,2
5,Root,Grafted,Root_GraftedCells,54.179,3
5,Root,Grafted,Root_GraftedCells,36.252,4
5,Root,Grafted,Root_GraftedCells,91.11,5
5,Root,Grafted,Root_GraftedCells,56.583,1
5,Root,Grafted,Root_GraftedCells,34.543,2
5,Root,Grafted,Root_GraftedCells,40.74,3
5,Root,Grafted,Root_GraftedCells,32.623,4
5,Root,Grafted,Root_GraftedCells,31.175,5
5,Root,Grafted,Root_GraftedCells,40.298,1
5,Root,Grafted,Root_GraftedCells,48.548,2
5,Root,Grafted,Root_GraftedCells,30.884,3
5,Root,Grafted,Root_GraftedCells,43.378,4
5,Root,Grafted,Root_GraftedCells,48.207,5
5,Root,Grafted,Root_GraftedCells,42.679,1
5,Root,Grafted,Root_GraftedCells,31.594,2
5,Root,Grafted,Root_GraftedCells,21.859,3
5,Root,Grafted,Root_GraftedCells,23.541,4
5,Root,Grafted,Root_GraftedCells,32.562,5
5,Root,Grafted,Root_GraftedCells,42.934,1
5,Root,Grafted,Root_GraftedCells,54.124,2
5,Root,Grafted,Root_GraftedCells,31.411,3
5,Root,Grafted,Root_GraftedCells,35.544,4
5,Root,Grafted,Root_GraftedCells,53.778,5
5,Root,Grafted,Root_GraftedCells,33.329,1
5,Root,Grafted,Root_GraftedCells,29.179,2
5,Root,Grafted,Root_GraftedCells,22.959,3
5,Root,Grafted,Root_GraftedCells,23.068,4
5,Root,Grafted,Root_GraftedCells,23.921,5
5,Root,Grafted,Root_GraftedCells,28.681,1
5,Root,Grafted,Root_GraftedCells,68.237,2
5,Root,Grafted,Root_GraftedCells,39.839,3
5,Root,Grafted,Root_GraftedCells,39.889,4
5,Root,Grafted,Root_GraftedCells,44.974,5
5,Root,Grafted,Root_GraftedCells,31.921,1
5,Root,Grafted,Root_GraftedCells,21.541,2
5,Root,Grafted,Root_GraftedCells,19.016,3
5,Root,Grafted,Root_GraftedCells,36.231,4
5,Root,Grafted,Root_GraftedCells,21.657,5
5,Root,Nongrafted,Root_NonGraftedCells,31.51,1
5,Root,Nongrafted,Root_NonGraftedCells,27.027,1
5,Root,Nongrafted,Root_NonGraftedCells,30.575,1
5,Root,Nongrafted,Root_NonGraftedCells,33.554,1
5,Root,Nongrafted,Root_NonGraftedCells,44.562,1
5,Root,Nongrafted,Root_NonGraftedCells,40.174,1
5,Root,Nongrafted,Root_NonGraftedCells,47.474,1
5,Root,Nongrafted,Root_NonGraftedCells,41.417,1
5,Root,Nongrafted,Root_NonGraftedCells,34.467,1
5,Root,Nongrafted,Root_NonGraftedCells,29.153,1
5,Root,Nongrafted,Root_NonGraftedCells,33.404,2
5,Root,Nongrafted,Root_NonGraftedCells,42.653,2
5,Root,Nongrafted,Root_NonGraftedCells,36.749,2
5,Root,Nongrafted,Root_NonGraftedCells,40.66,2
5,Root,Nongrafted,Root_NonGraftedCells,39.495,2
5,Root,Nongrafted,Root_NonGraftedCells,40.099,2
5,Root,Nongrafted,Root_NonGraftedCells,33.043,2
5,Root,Nongrafted,Root_NonGraftedCells,47.127,2
5,Root,Nongrafted,Root_NonGraftedCells,40.024,2
5,Root,Nongrafted,Root_NonGraftedCells,34.706,2
5,Root,Nongrafted,Root_NonGraftedCells,23.963,3
5,Root,Nongrafted,Root_NonGraftedCells,44.32,3
5,Root,Nongrafted,Root_NonGraftedCells,42.358,3
5,Root,Nongrafted,Root_NonGraftedCells,24.541,3
5,Root,Nongrafted,Root_NonGraftedCells,48.144,3
5,Root,Nongrafted,Root_NonGraftedCells,53.039,3
5,Root,Nongrafted,Root_NonGraftedCells,31.878,3
5,Root,Nongrafted,Root_NonGraftedCells,37.263,3
5,Root,Nongrafted,Root_NonGraftedCells,48.365,3
5,Root,Nongrafted,Root_NonGraftedCells,50.184,3
5,Root,Nongrafted,Root_NonGraftedCells,44.04,4
5,Root,Nongrafted,Root_NonGraftedCells,20.633,4
5,Root,Nongrafted,Root_NonGraftedCells,35.076,4
5,Root,Nongrafted,Root_NonGraftedCells,20.572,4
5,Root,Nongrafted,Root_NonGraftedCells,37.638,4
5,Root,Nongrafted,Root_NonGraftedCells,35.614,4
5,Root,Nongrafted,Root_NonGraftedCells,33.707,4
5,Root,Nongrafted,Root_NonGraftedCells,31.51,4
5,Root,Nongrafted,Root_NonGraftedCells,29.933,4
5,Root,Nongrafted,Root_NonGraftedCells,38.503,4
5,Root,Nongrafted,Root_NonGraftedCells,23.567,5
5,Root,Nongrafted,Root_NonGraftedCells,35.74,5
5,Root,Nongrafted,Root_NonGraftedCells,46.997,5
5,Root,Nongrafted,Root_NonGraftedCells,36.654,5
5,Root,Nongrafted,Root_NonGraftedCells,51.582,5
5,Root,Nongrafted,Root_NonGraftedCells,35.54,5
5,Root,Nongrafted,Root_NonGraftedCells,65.677,5
5,Root,Nongrafted,Root_NonGraftedCells,54.001,5
5,Root,Nongrafted,Root_NonGraftedCells,34.674,5
5,Root,Nongrafted,Root_NonGraftedCells,43.236,5
5,Scion,Grafted,Scion_GraftedCells,35.782,1
5,Scion,Grafted,Scion_GraftedCells,23.327,1
5,Scion,Grafted,Scion_GraftedCells,35.54,1
5,Scion,Grafted,Scion_GraftedCells,32.469,1
5,Scion,Grafted,Scion_GraftedCells,47.05,1
5,Scion,Grafted,Scion_GraftedCells,66.743,1
5,Scion,Grafted,Scion_GraftedCells,44.082,1
5,Scion,Grafted,Scion_GraftedCells,113.875,1
5,Scion,Grafted,Scion_GraftedCells,53.491,1
5,Scion,Grafted,Scion_GraftedCells,87.093,1
5,Scion,Grafted,Scion_GraftedCells,27.754,2
5,Scion,Grafted,Scion_GraftedCells,28.33,2
5,Scion,Grafted,Scion_GraftedCells,25.619,2
5,Scion,Grafted,Scion_GraftedCells,43.03,2
5,Scion,Grafted,Scion_GraftedCells,60.602,2
5,Scion,Grafted,Scion_GraftedCells,97.324,2
5,Scion,Grafted,Scion_GraftedCells,69.412,2
5,Scion,Grafted,Scion_GraftedCells,35.392,2
5,Scion,Grafted,Scion_GraftedCells,44.02,2
5,Scion,Grafted,Scion_GraftedCells,74.392,2
5,Scion,Grafted,Scion_GraftedCells,22.166,3
5,Scion,Grafted,Scion_GraftedCells,29.778,3
5,Scion,Grafted,Scion_GraftedCells,40.111,3
5,Scion,Grafted,Scion_GraftedCells,47.05,3
5,Scion,Grafted,Scion_GraftedCells,62.474,3
5,Scion,Grafted,Scion_GraftedCells,74.644,3
5,Scion,Grafted,Scion_GraftedCells,77.661,3
5,Scion,Grafted,Scion_GraftedCells,49.438,3
5,Scion,Grafted,Scion_GraftedCells,42.887,3
5,Scion,Grafted,Scion_GraftedCells,53.752,3
5,Scion,Grafted,Scion_GraftedCells,38.535,4
5,Scion,Grafted,Scion_GraftedCells,39.914,4
5,Scion,Grafted,Scion_GraftedCells,42.047,4
5,Scion,Grafted,Scion_GraftedCells,31.649,4
5,Scion,Grafted,Scion_GraftedCells,66.15,4
5,Scion,Grafted,Scion_GraftedCells,66.057,4
5,Scion,Grafted,Scion_GraftedCells,74.623,4
5,Scion,Grafted,Scion_GraftedCells,81.665,4
5,Scion,Grafted,Scion_GraftedCells,53.432,4
5,Scion,Grafted,Scion_GraftedCells,59.803,4
5,Scion,Grafted,Scion_GraftedCells,32.91,5
5,Scion,Grafted,Scion_GraftedCells,42.747,5
5,Scion,Grafted,Scion_GraftedCells,43.062,5
5,Scion,Grafted,Scion_GraftedCells,30.591,5
5,Scion,Grafted,Scion_GraftedCells,122.717,5
5,Scion,Grafted,Scion_GraftedCells,56.45,5
5,Scion,Grafted,Scion_GraftedCells,65.233,5
5,Scion,Grafted,Scion_GraftedCells,45.891,5
5,Scion,Grafted,Scion_GraftedCells,33.643,5
5,Scion,Grafted,Scion_GraftedCells,60.052,5
5,Scion,Nongrafted,Scion_NonGraftedCells,36.993,1
5,Scion,Nongrafted,Scion_NonGraftedCells,26.948,1
5,Scion,Nongrafted,Scion_NonGraftedCells,41.417,1
5,Scion,Nongrafted,Scion_NonGraftedCells,52.075,1
5,Scion,Nongrafted,Scion_NonGraftedCells,52.656,1
5,Scion,Nongrafted,Scion_NonGraftedCells,35.498,1
5,Scion,Nongrafted,Scion_NonGraftedCells,43.968,1
5,Scion,Nongrafted,Scion_NonGraftedCells,46.212,1
5,Scion,Nongrafted,Scion_NonGraftedCells,26.823,1
5,Scion,Nongrafted,Scion_NonGraftedCells,35.257,1
5,Scion,Nongrafted,Scion_NonGraftedCells,46.308,2
5,Scion,Nongrafted,Scion_NonGraftedCells,32.542,2
5,Scion,Nongrafted,Scion_NonGraftedCells,29.05,2
5,Scion,Nongrafted,Scion_NonGraftedCells,32.895,2
5,Scion,Nongrafted,Scion_NonGraftedCells,26.041,2
5,Scion,Nongrafted,Scion_NonGraftedCells,42.969,2
5,Scion,Nongrafted,Scion_NonGraftedCells,21.95,2
5,Scion,Nongrafted,Scion_NonGraftedCells,35.561,2
5,Scion,Nongrafted,Scion_NonGraftedCells,31.689,2
5,Scion,Nongrafted,Scion_NonGraftedCells,26.328,2
5,Scion,Nongrafted,Scion_NonGraftedCells,38.084,3
5,Scion,Nongrafted,Scion_NonGraftedCells,31.542,3
5,Scion,Nongrafted,Scion_NonGraftedCells,27.745,3
5,Scion,Nongrafted,Scion_NonGraftedCells,43.047,3
5,Scion,Nongrafted,Scion_NonGraftedCells,35.933,3
5,Scion,Nongrafted,Scion_NonGraftedCells,43.386,3
5,Scion,Nongrafted,Scion_NonGraftedCells,34.918,3
5,Scion,Nongrafted,Scion_NonGraftedCells,32.167,3
5,Scion,Nongrafted,Scion_NonGraftedCells,33.213,3
5,Scion,Nongrafted,Scion_NonGraftedCells,43.109,3
5,Scion,Nongrafted,Scion_NonGraftedCells,40.164,4
5,Scion,Nongrafted,Scion_NonGraftedCells,43.326,4
5,Scion,Nongrafted,Scion_NonGraftedCells,37.374,4
5,Scion,Nongrafted,Scion_NonGraftedCells,32.284,4
5,Scion,Nongrafted,Scion_NonGraftedCells,30.029,4
5,Scion,Nongrafted,Scion_NonGraftedCells,42.75,4
5,Scion,Nongrafted,Scion_NonGraftedCells,25.6,4
5,Scion,Nongrafted,Scion_NonGraftedCells,32.531,4
5,Scion,Nongrafted,Scion_NonGraftedCells,24.295,4
5,Scion,Nongrafted,Scion_NonGraftedCells,32.171,4
5,Scion,Nongrafted,Scion_NonGraftedCells,51.766,5
5,Scion,Nongrafted,Scion_NonGraftedCells,36.314,5
5,Scion,Nongrafted,Scion_NonGraftedCells,31.937,5
5,Scion,Nongrafted,Scion_NonGraftedCells,33.031,5
5,Scion,Nongrafted,Scion_NonGraftedCells,49.582,5
5,Scion,Nongrafted,Scion_NonGraftedCells,41.462,5
5,Scion,Nongrafted,Scion_NonGraftedCells,36.939,5
5,Scion,Nongrafted,Scion_NonGraftedCells,32.665,5
5,Scion,Nongrafted,Scion_NonGraftedCells,44.048,5
5,Scion,Nongrafted,Scion_NonGraftedCells,34.76,5
7,Root,Grafted,Root_GraftedCells,32.503,1
7,Root,Grafted,Root_GraftedCells,35.901,1
7,Root,Grafted,Root_GraftedCells,50.004,1
7,Root,Grafted,Root_GraftedCells,43.503,1
7,Root,Grafted,Root_GraftedCells,30.661,1
7,Root,Grafted,Root_GraftedCells,25.414,1
7,Root,Grafted,Root_GraftedCells,65.06,1
7,Root,Grafted,Root_GraftedCells,27.753,1
7,Root,Grafted,Root_GraftedCells,20.667,1
7,Root,Grafted,Root_GraftedCells,29.288,1
7,Root,Grafted,Root_GraftedCells,25.151,2
7,Root,Grafted,Root_GraftedCells,29.153,2
7,Root,Grafted,Root_GraftedCells,17.591,2
7,Root,Grafted,Root_GraftedCells,30.826,2
7,Root,Grafted,Root_GraftedCells,38.582,2
7,Root,Grafted,Root_GraftedCells,37.814,2
7,Root,Grafted,Root_GraftedCells,21.053,2
7,Root,Grafted,Root_GraftedCells,43.851,2
7,Root,Grafted,Root_GraftedCells,24.513,2
7,Root,Grafted,Root_GraftedCells,31.392,2
7,Root,Grafted,Root_GraftedCells,23.176,3
7,Root,Grafted,Root_GraftedCells,42.191,3
7,Root,Grafted,Root_GraftedCells,38.976,3
7,Root,Grafted,Root_GraftedCells,39.699,3
7,Root,Grafted,Root_GraftedCells,46.602,3
7,Root,Grafted,Root_GraftedCells,29.464,3
7,Root,Grafted,Root_GraftedCells,27.914,3
7,Root,Grafted,Root_GraftedCells,17.362,3
7,Root,Grafted,Root_GraftedCells,31.13,3
7,Root,Grafted,Root_GraftedCells,31.73,3
7,Root,Grafted,Root_GraftedCells,28.411,4
7,Root,Grafted,Root_GraftedCells,27.733,4
7,Root,Grafted,Root_GraftedCells,41.72,4
7,Root,Grafted,Root_GraftedCells,45.304,4
7,Root,Grafted,Root_GraftedCells,50.689,4
7,Root,Grafted,Root_GraftedCells,27.618,4
7,Root,Grafted,Root_GraftedCells,28.382,4
7,Root,Grafted,Root_GraftedCells,18.856,4
7,Root,Grafted,Root_GraftedCells,38.666,4
7,Root,Grafted,Root_GraftedCells,35.927,4
7,Root,Grafted,Root_GraftedCells,42.349,5
7,Root,Grafted,Root_GraftedCells,27.954,5
7,Root,Grafted,Root_GraftedCells,55.068,5
7,Root,Grafted,Root_GraftedCells,34.234,5
7,Root,Grafted,Root_GraftedCells,32.18,5
7,Root,Grafted,Root_GraftedCells,20.055,5
7,Root,Grafted,Root_GraftedCells,38.079,5
7,Root,Grafted,Root_GraftedCells,32.376,5
7,Root,Grafted,Root_GraftedCells,41.736,5
7,Root,Grafted,Root_GraftedCells,39.666,5
7,Root,Nongrafted,Root_NonGraftedCells,18.634,1
7,Root,Nongrafted,Root_NonGraftedCells,24.37,1
7,Root,Nongrafted,Root_NonGraftedCells,16.68,1
7,Root,Nongrafted,Root_NonGraftedCells,37.335,1
7,Root,Nongrafted,Root_NonGraftedCells,28.653,1
7,Root,Nongrafted,Root_NonGraftedCells,24.585,1
7,Root,Nongrafted,Root_NonGraftedCells,11.709,1
7,Root,Nongrafted,Root_NonGraftedCells,27.278,1
7,Root,Nongrafted,Root_NonGraftedCells,19.333,1
7,Root,Nongrafted,Root_NonGraftedCells,21.398,1
7,Root,Nongrafted,Root_NonGraftedCells,24.667,2
7,Root,Nongrafted,Root_NonGraftedCells,20.069,2
7,Root,Nongrafted,Root_NonGraftedCells,21.975,2
7,Root,Nongrafted,Root_NonGraftedCells,24.777,2
7,Root,Nongrafted,Root_NonGraftedCells,27.513,2
7,Root,Nongrafted,Root_NonGraftedCells,20.572,2
7,Root,Nongrafted,Root_NonGraftedCells,22.253,2
7,Root,Nongrafted,Root_NonGraftedCells,116.103,2
7,Root,Nongrafted,Root_NonGraftedCells,15,2
7,Root,Nongrafted,Root_NonGraftedCells,15.794,2
7,Root,Nongrafted,Root_NonGraftedCells,26.333,3
7,Root,Nongrafted,Root_NonGraftedCells,17.159,3
7,Root,Nongrafted,Root_NonGraftedCells,19.012,3
7,Root,Nongrafted,Root_NonGraftedCells,21.187,3
7,Root,Nongrafted,Root_NonGraftedCells,24.723,3
7,Root,Nongrafted,Root_NonGraftedCells,21.169,3
7,Root,Nongrafted,Root_NonGraftedCells,9.989,3
7,Root,Nongrafted,Root_NonGraftedCells,115.135,3
7,Root,Nongrafted,Root_NonGraftedCells,16.388,3
7,Root,Nongrafted,Root_NonGraftedCells,16.549,3
7,Root,Nongrafted,Root_NonGraftedCells,21,4
7,Root,Nongrafted,Root_NonGraftedCells,22.123,4
7,Root,Nongrafted,Root_NonGraftedCells,22.689,4
7,Root,Nongrafted,Root_NonGraftedCells,23.211,4
7,Root,Nongrafted,Root_NonGraftedCells,22.816,4
7,Root,Nongrafted,Root_NonGraftedCells,18.871,4
7,Root,Nongrafted,Root_NonGraftedCells,19.047,4
7,Root,Nongrafted,Root_NonGraftedCells,108.812,4
7,Root,Nongrafted,Root_NonGraftedCells,16.66,4
7,Root,Nongrafted,Root_NonGraftedCells,15.206,4
7,Root,Nongrafted,Root_NonGraftedCells,23.364,5
7,Root,Nongrafted,Root_NonGraftedCells,16.67,5
7,Root,Nongrafted,Root_NonGraftedCells,16.418,5
7,Root,Nongrafted,Root_NonGraftedCells,23.688,5
7,Root,Nongrafted,Root_NonGraftedCells,24.335,5
7,Root,Nongrafted,Root_NonGraftedCells,14.974,5
7,Root,Nongrafted,Root_NonGraftedCells,17.779,5
7,Root,Nongrafted,Root_NonGraftedCells,14.126,5
7,Root,Nongrafted,Root_NonGraftedCells,21.766,5
7,Root,Nongrafted,Root_NonGraftedCells,18.481,5
7,Scion,Grafted,Scion_GraftedCells,22.484,1
7,Scion,Grafted,Scion_GraftedCells,35.782,1
7,Scion,Grafted,Scion_GraftedCells,55.065,1
7,Scion,Grafted,Scion_GraftedCells,45.387,1
7,Scion,Grafted,Scion_GraftedCells,43.986,1
7,Scion,Grafted,Scion_GraftedCells,28.385,1
7,Scion,Grafted,Scion_GraftedCells,26.611,1
7,Scion,Grafted,Scion_GraftedCells,31.483,1
7,Scion,Grafted,Scion_GraftedCells,26.578,1
7,Scion,Grafted,Scion_GraftedCells,13.289,1
7,Scion,Grafted,Scion_GraftedCells,33.645,2
7,Scion,Grafted,Scion_GraftedCells,27.637,2
7,Scion,Grafted,Scion_GraftedCells,43.358,2
7,Scion,Grafted,Scion_GraftedCells,36.162,2
7,Scion,Grafted,Scion_GraftedCells,35.141,2
7,Scion,Grafted,Scion_GraftedCells,17.555,2
7,Scion,Grafted,Scion_GraftedCells,18.605,2
7,Scion,Grafted,Scion_GraftedCells,21.997,2
7,Scion,Grafted,Scion_GraftedCells,17.952,2
7,Scion,Grafted,Scion_GraftedCells,30.572,2
7,Scion,Grafted,Scion_GraftedCells,33.881,3
7,Scion,Grafted,Scion_GraftedCells,22.087,3
7,Scion,Grafted,Scion_GraftedCells,25.118,3
7,Scion,Grafted,Scion_GraftedCells,28.385,3
7,Scion,Grafted,Scion_GraftedCells,36.858,3
7,Scion,Grafted,Scion_GraftedCells,26.908,3
7,Scion,Grafted,Scion_GraftedCells,20.769,3
7,Scion,Grafted,Scion_GraftedCells,25.648,3
7,Scion,Grafted,Scion_GraftedCells,29.304,3
7,Scion,Grafted,Scion_GraftedCells,21.765,3
7,Scion,Grafted,Scion_GraftedCells,44.18,4
7,Scion,Grafted,Scion_GraftedCells,46.654,4
7,Scion,Grafted,Scion_GraftedCells,31.956,4
7,Scion,Grafted,Scion_GraftedCells,36.162,4
7,Scion,Grafted,Scion_GraftedCells,33.835,4
7,Scion,Grafted,Scion_GraftedCells,24.186,4
7,Scion,Grafted,Scion_GraftedCells,18.605,4
7,Scion,Grafted,Scion_GraftedCells,31.651,4
7,Scion,Grafted,Scion_GraftedCells,29.243,4
7,Scion,Grafted,Scion_GraftedCells,19.677,4
7,Scion,Grafted,Scion_GraftedCells,35.763,5
7,Scion,Grafted,Scion_GraftedCells,31.201,5
7,Scion,Grafted,Scion_GraftedCells,42.197,5
7,Scion,Grafted,Scion_GraftedCells,42.654,5
7,Scion,Grafted,Scion_GraftedCells,34.882,5
7,Scion,Grafted,Scion_GraftedCells,21.273,5
7,Scion,Grafted,Scion_GraftedCells,37.233,5
7,Scion,Grafted,Scion_GraftedCells,17.592,5
7,Scion,Grafted,Scion_GraftedCells,14.991,5
7,Scion,Grafted,Scion_GraftedCells,43.449,5
7,Scion,Nongrafted,Scion_NonGraftedCells,27.533,1
7,Scion,Nongrafted,Scion_NonGraftedCells,58.116,1
7,Scion,Nongrafted,Scion_NonGraftedCells,24.186,1
7,Scion,Nongrafted,Scion_NonGraftedCells,27.915,1
7,Scion,Nongrafted,Scion_NonGraftedCells,33.049,1
7,Scion,Nongrafted,Scion_NonGraftedCells,31.797,1
7,Scion,Nongrafted,Scion_NonGraftedCells,35.372,1
7,Scion,Nongrafted,Scion_NonGraftedCells,40.225,1
7,Scion,Nongrafted,Scion_NonGraftedCells,28.948,1
7,Scion,Nongrafted,Scion_NonGraftedCells,26.908,1
7,Scion,Nongrafted,Scion_NonGraftedCells,25.258,2
7,Scion,Nongrafted,Scion_NonGraftedCells,30.572,2
7,Scion,Nongrafted,Scion_NonGraftedCells,42.546,2
7,Scion,Nongrafted,Scion_NonGraftedCells,30.565,2
7,Scion,Nongrafted,Scion_NonGraftedCells,25.562,2
7,Scion,Nongrafted,Scion_NonGraftedCells,30.136,2
7,Scion,Nongrafted,Scion_NonGraftedCells,27.468,2
7,Scion,Nongrafted,Scion_NonGraftedCells,37.798,2
7,Scion,Nongrafted,Scion_NonGraftedCells,32.585,2
7,Scion,Nongrafted,Scion_NonGraftedCells,33.881,2
7,Scion,Nongrafted,Scion_NonGraftedCells,19.281,3
7,Scion,Nongrafted,Scion_NonGraftedCells,36.929,3
7,Scion,Nongrafted,Scion_NonGraftedCells,21.694,3
7,Scion,Nongrafted,Scion_NonGraftedCells,26.595,3
7,Scion,Nongrafted,Scion_NonGraftedCells,15.412,3
7,Scion,Nongrafted,Scion_NonGraftedCells,28.848,3
7,Scion,Nongrafted,Scion_NonGraftedCells,33.069,3
7,Scion,Nongrafted,Scion_NonGraftedCells,36.84,3
7,Scion,Nongrafted,Scion_NonGraftedCells,24.368,3
7,Scion,Nongrafted,Scion_NonGraftedCells,37.88,3
7,Scion,Nongrafted,Scion_NonGraftedCells,16.057,4
7,Scion,Nongrafted,Scion_NonGraftedCells,30.565,4
7,Scion,Nongrafted,Scion_NonGraftedCells,36.296,4
7,Scion,Nongrafted,Scion_NonGraftedCells,23.492,4
7,Scion,Nongrafted,Scion_NonGraftedCells,31.024,4
7,Scion,Nongrafted,Scion_NonGraftedCells,40.269,4
7,Scion,Nongrafted,Scion_NonGraftedCells,25.284,4
7,Scion,Nongrafted,Scion_NonGraftedCells,27.946,4
7,Scion,Nongrafted,Scion_NonGraftedCells,27.533,4
7,Scion,Nongrafted,Scion_NonGraftedCells,37.71,4
7,Scion,Nongrafted,Scion_NonGraftedCells,28.331,5
7,Scion,Nongrafted,Scion_NonGraftedCells,23.341,5
7,Scion,Nongrafted,Scion_NonGraftedCells,30.572,5
7,Scion,Nongrafted,Scion_NonGraftedCells,25.328,5
7,Scion,Nongrafted,Scion_NonGraftedCells,11.96,5
7,Scion,Nongrafted,Scion_NonGraftedCells,30.026,5
7,Scion,Nongrafted,Scion_NonGraftedCells,32.066,5
7,Scion,Nongrafted,Scion_NonGraftedCells,29.908,5
7,Scion,Nongrafted,Scion_NonGraftedCells,22.728,5
7,Scion,Nongrafted,Scion_NonGraftedCells,29.175,5